name,v,h,max_con,priority
1,36.208543,1.248484,3000,1
2,36.204701,1.250494,2350,2
3,36.196153,1.248437,10000,2
4,36.194014,1.252310,15400,2
5,36.191074,1.256291,1000,3
6,36.201368,1.262963,1587,1
7,36.211449,1.266466,12457,1
8,36.213449,1.275510,21000,3
9,36.208001,1.270849,10002,2
10,36.200766,1.266786,5280,1
